id,first_name,last_name,email,gender,ip_address
1,Carr,Malec,cmalec0@yandex.ru,Male,77.30.161.223
2,Gayel,Eich,geich1@rakuten.co.jp,Female,181.59.152.171
3,Valentijn,Pires,vpires2@gov.uk,Male,13.63.135.209
4,Martyn,Killich,mkillich3@ftc.gov,Male,252.40.156.239
5,Donnie,Goosnell,dgoosnell4@networkadvertising.org,Male,56.144.93.145
6,Antonetta,Riha,ariha5@tripod.com,Female,65.98.229.200
7,Maybelle,Bolland,mbolland6@toplist.cz,Genderfluid,156.40.147.151
8,Bel,Ubee,bubee7@pen.io,Female,73.242.193.133
9,Druci,Guiso,dguiso8@ocn.ne.jp,Female,68.21.99.154
10,Burl,Coleford,bcoleford9@typepad.com,Agender,222.87.120.230
11,Patrizio,Willerson,pwillersona@washington.edu,Male,233.72.207.34
12,Queenie,Drewe,qdreweb@gov.uk,Female,172.210.55.49
13,Darcy,Willcox,dwillcoxc@biglobe.ne.jp,Female,50.139.211.93
14,Maddie,Matyas,mmatyasd@360.cn,Male,189.104.240.119
15,Nan,Ramard,nramarde@elpais.com,Female,131.171.73.57
16,Callean,Cholwell,ccholwellf@weather.com,Male,193.141.66.199
17,Palm,Butten,pbutteng@cloudflare.com,Male,166.15.242.133
18,Appolonia,Keasey,akeaseyh@over-blog.com,Female,58.29.211.213
19,Enriqueta,Caudwell,ecaudwelli@mashable.com,Female,79.94.193.21
20,Westbrooke,Attwater,wattwaterj@cmu.edu,Male,142.80.185.77
21,Broderic,Eastes,beastesk@opera.com,Male,98.116.209.141
22,Rutledge,Hundy,rhundyl@pagesperso-orange.fr,Male,174.109.47.121
23,Bobinette,Motion,bmotionm@csmonitor.com,Female,60.123.207.5
24,Clevey,McGuff,cmcguffn@hugedomains.com,Male,119.155.203.233
25,Johnathan,Lodford,jlodfordo@europa.eu,Male,216.108.99.95
26,Salvidor,Covert,scovertp@ft.com,Male,128.196.104.111
27,Abdul,Alpes,aalpesq@nps.gov,Polygender,118.214.181.75
28,Nolie,Melhuish,nmelhuishr@furl.net,Female,99.213.140.110
29,Milt,Henriquet,mhenriquets@ocn.ne.jp,Polygender,135.121.232.231
30,Olivie,Elman,oelmant@lulu.com,Female,137.43.224.231
31,Kalil,Scobie,kscobieu@mapquest.com,Non-binary,174.107.252.214
32,Bjorn,Crucitti,bcrucittiv@ezinearticles.com,Male,227.42.49.173
33,Falito,Vanlint,fvanlintw@arizona.edu,Male,203.13.191.156
34,Gavra,Skinley,gskinleyx@usa.gov,Female,88.35.44.23
35,Bernardo,Billyard,bbillyardy@mtv.com,Male,41.46.215.198
36,Leonidas,Maior,lmaiorz@wired.com,Male,168.62.0.90
37,Marie-jeanne,Whall,mwhall10@prlog.org,Female,156.133.86.94
38,Archibold,McCahill,amccahill11@example.com,Male,201.196.30.236
39,Carmel,Housam,chousam12@mit.edu,Female,150.181.79.199
40,Edward,Beakes,ebeakes13@bigcartel.com,Male,23.150.23.137
41,Rita,Daudray,rdaudray14@home.pl,Female,107.202.177.166
42,Finlay,Blease,fblease15@edublogs.org,Male,142.172.60.68
43,Karoly,Kenford,kkenford16@dagondesign.com,Male,120.240.38.79
44,Olivero,Roblett,oroblett17@paypal.com,Male,217.149.40.178
45,Saunder,Bunclark,sbunclark18@parallels.com,Male,30.121.41.60
46,Rasia,Grattage,rgrattage19@indiegogo.com,Female,209.77.136.233
47,Gerri,Bohlin,gbohlin1a@engadget.com,Male,19.181.79.186
48,Jorgan,Drain,jdrain1b@nationalgeographic.com,Male,32.17.163.104
49,Ahmad,Moulster,amoulster1c@uiuc.edu,Male,65.165.231.238
50,Farly,Wagge,fwagge1d@amazon.de,Male,171.145.109.232
